{"count":1,"self":3162.3241728,"total":9558.0465313,"children":{"InitializeActuators":{"count":102,"self":0.0010006,"total":0.0010006,"children":null},"InitializeSensors":{"count":102,"self":0.0010004999999999999,"total":0.0010004999999999999,"children":null},"AgentSendState":{"count":3215975,"self":19.1141728,"total":85.5243819,"children":{"CollectObservations":{"count":8200749,"self":14.760089599999999,"total":14.7600888,"children":null},"WriteActionMask":{"count":8200749,"self":4.5542288,"total":4.5542289,"children":null},"RequestDecision":{"count":8200749,"self":12.1368624,"total":47.095892199999994,"children":{"AgentInfo.ToProto":{"count":8200749,"self":10.286488,"total":34.9590302,"children":{"GenerateSensorData":{"count":8200749,"self":24.672542399999998,"total":24.6725419,"children":null}}}}}}},"DecideAction":{"count":3215975,"self":5097.3265919999994,"total":5097.3267621999994,"children":null},"AgentAct":{"count":3215975,"self":1211.7839872,"total":1212.8681367,"children":{"AgentInfo.ToProto":{"count":113777,"self":0.42777869999999996,"total":1.0841673,"children":{"GenerateSensorData":{"count":113777,"self":0.6563886,"total":0.6563886,"children":null}}}}}},"gauges":{"My Behavior.CumulativeReward":{"count":113777,"max":1.4000001,"min":-1.2,"runningAverage":-0.21970579,"value":-0.5125,"weightedAverage":-0.289533019}},"metadata":{"timer_format_version":"0.1.0","start_time_seconds":"1698542803","unity_version":"2022.3.10f1","command_line_arguments":"C:\\Program Files\\Unity\\Hub\\Editor\\2022.3.10f1\\Editor\\Unity.exe -projectpath C:\\Users\\Justin\\Programs\\VsCode\\git\\2023SHRProject -useHub -hubIPC -cloudEnvironment production -licensingIpc LicenseClient-Justin -hubSessionId 543f4860-74ff-11ee-b937-3de5b8f69663","communication_protocol_version":"1.5.0","com.unity.ml-agents_version":"2.0.1","scene_name":"JustinsDebugScene","end_time_seconds":"1698552361"}}