{"count":1,"self":92629.938995199991,"total":108023.88785089999,"children":{"InitializeActuators":{"count":102,"self":0.0009999,"total":0.0009999,"children":null},"InitializeSensors":{"count":102,"self":0.0010000999999999999,"total":0.0010000999999999999,"children":null},"AgentSendState":{"count":8674124,"self":98.8467008,"total":324.7979385,"children":{"CollectObservations":{"count":21098835,"self":62.482662399999995,"total":62.482661799999995,"children":null},"WriteActionMask":{"count":21098835,"self":38.1478336,"total":38.1478335,"children":null},"RequestDecision":{"count":20171391,"self":31.154268799999997,"total":125.3207441,"children":{"AgentInfo.ToProto":{"count":20171391,"self":29.0674016,"total":94.1664753,"children":{"GenerateSensorData":{"count":20171391,"self":65.099071999999992,"total":65.0990746,"children":null}}}}}}},"DecideAction":{"count":7746680,"self":12776.4553728,"total":12776.455081099999,"children":null},"AgentAct":{"count":7746680,"self":2292.4363776,"total":2292.6932668,"children":{"AgentInfo.ToProto":{"count":21045,"self":0.110999,"total":0.256984,"children":{"GenerateSensorData":{"count":21045,"self":0.145985,"total":0.145985,"children":null}}}}}},"gauges":{"AIWithMoney.CumulativeReward":{"count":21045,"max":25.3071041,"min":-0.0140000014,"runningAverage":4.899972,"value":11.9990005,"weightedAverage":8.5292}},"metadata":{"timer_format_version":"0.1.0","start_time_seconds":"1699022198","unity_version":"2022.3.10f1","command_line_arguments":"C:\\Program Files\\Unity\\Hub\\Editor\\2022.3.10f1\\Editor\\Unity.exe -projectpath C:\\Users\\Justin\\Programs\\VsCode\\git\\2023SHRProject -useHub -hubIPC -cloudEnvironment production -licensingIpc LicenseClient-uZ0T6OcFlo7xT9hdHVJou -hubSessionId b859420d-66cf-4339-89c8-6b00194092c7 -accessToken O4VPG6xuYFi9wy6PsPX6zA1T8AsDOrSq5QmNnuaGzww002f","communication_protocol_version":"1.5.0","com.unity.ml-agents_version":"2.0.1","scene_name":"JustinsDebugScene","end_time_seconds":"1699130221"}}