{"count":1,"self":230043.7331968,"total":245696.50837879998,"children":{"InitializeActuators":{"count":122,"self":0.0009995,"total":0.0009995,"children":null},"InitializeSensors":{"count":122,"self":0.0009994,"total":0.0009994,"children":null},"AgentSendState":{"count":2718521,"self":68.5968768,"total":438.535958,"children":{"CollectObservations":{"count":8291547,"self":116.81524479999999,"total":116.815242,"children":null},"WriteActionMask":{"count":8291547,"self":73.1087168,"total":73.1087165,"children":null},"RequestDecision":{"count":8291547,"self":38.4704064,"total":180.01512069999998,"children":{"AgentInfo.ToProto":{"count":8291547,"self":35.688432,"total":141.5447156,"children":{"GenerateSensorData":{"count":8291547,"self":105.85628159999999,"total":105.85628299999999,"children":null}}}}}}},"DecideAction":{"count":2718521,"self":12548.107468799999,"total":12548.1072295,"children":null},"AgentAct":{"count":2718521,"self":2665.7323008,"total":2666.1169296,"children":{"AgentInfo.ToProto":{"count":12434,"self":0.1570912,"total":0.38461989999999996,"children":{"GenerateSensorData":{"count":12434,"self":0.2275287,"total":0.2275287,"children":null}}}}}},"gauges":{"testing_from_home.CumulativeReward":{"count":12434,"max":18,"min":0,"runningAverage":4.328417,"value":0.5,"weightedAverage":0.794415951}},"metadata":{"timer_format_version":"0.1.0","start_time_seconds":"1712001032","unity_version":"2022.3.10f1","command_line_arguments":"C:\/Program Files\/Unity 2022.3.10f1\/Editor\/Unity.exe -projectpath C:\\bloons\\repo\\2023SHRProject -useHub -hubIPC -cloudEnvironment production -licensingIpc LicenseClient-mdharri2 -hubSessionId cd2669e3-7175-48ca-a8b8-61b516833d37 -accessToken 1imIw-OgkJ9g-qiNLHOgL6vVh512NkMr9npG1LjkU-Y002f","communication_protocol_version":"1.5.0","com.unity.ml-agents_version":"2.0.1","scene_name":"JustinsDebugScene","end_time_seconds":"1712246728"}}