{"count":1,"self":946.37793279999994,"total":2429.0374979999997,"children":{"InitializeActuators":{"count":102,"self":0.0010000999999999999,"total":0.0010000999999999999,"children":null},"InitializeSensors":{"count":102,"self":0.00099969999999999985,"total":0.00099969999999999985,"children":null},"AgentSendState":{"count":394950,"self":4.3522336,"total":24.4227022,"children":{"CollectObservations":{"count":2014245,"self":5.1887799999999995,"total":5.1887802,"children":null},"WriteActionMask":{"count":2014245,"self":1.0631724999999999,"total":1.0631724999999999,"children":null},"RequestDecision":{"count":2014245,"self":3.037841,"total":13.8185158,"children":{"AgentInfo.ToProto":{"count":2014245,"self":2.7473256,"total":10.7806748,"children":{"GenerateSensorData":{"count":2014245,"self":8.0333496,"total":8.0333493,"children":null}}}}}}},"DecideAction":{"count":394950,"self":1191.4450944,"total":1191.4450508999998,"children":null},"AgentAct":{"count":394950,"self":266.74688,"total":266.7897962,"children":{"AgentInfo.ToProto":{"count":4042,"self":0.014905999999999999,"total":0.0429185,"children":{"GenerateSensorData":{"count":4042,"self":0.0280125,"total":0.0280125,"children":null}}}}}},"gauges":{"AIWithMoney.CumulativeReward":{"count":4042,"max":4.546019,"min":-0.0200000014,"runningAverage":2.8247478,"value":3.34600425,"weightedAverage":2.97786832}},"metadata":{"timer_format_version":"0.1.0","start_time_seconds":"1698767413","unity_version":"2022.3.10f1","command_line_arguments":"C:\\Program Files\\Unity\\Hub\\Editor\\2022.3.10f1\\Editor\\Unity.exe -projectpath C:\\Users\\Justin\\Programs\\VsCode\\git\\2023SHRProject -useHub -hubIPC -cloudEnvironment production -licensingIpc LicenseClient-Justin -hubSessionId f17bb890-76a6-11ee-a772-a91f02c2f2b9","communication_protocol_version":"1.5.0","com.unity.ml-agents_version":"2.0.1","scene_name":"JustinsDebugScene","end_time_seconds":"1698769842"}}