{
    "name": "root",
    "gauges": {
        "AIWithMoney.Policy.Entropy.mean": {
            "value": 4.5296630859375,
            "min": 4.380248069763184,
            "max": 5.342479705810547,
            "count": 2400
        },
        "AIWithMoney.Policy.Entropy.sum": {
            "value": 35575.97265625,
            "min": 5721.7958984375,
            "max": 172246.828125,
            "count": 2400
        },
        "AIWithMoney.TowerType.mean": {
            "value": 0.05653394589076059,
            "min": 0.015101289134438306,
            "max": 0.39905103127723446,
            "count": 2400
        },
        "AIWithMoney.TowerType.sum": {
            "value": 443.0,
            "min": 123.0,
            "max": 4121.0,
            "count": 2400
        },
        "AIWithMoney.XPlacement.mean": {
            "value": 4.709162838182746,
            "min": 4.21853120810368,
            "max": 4.865126573523309,
            "count": 2400
        },
        "AIWithMoney.XPlacement.sum": {
            "value": 36901.0,
            "min": 4755.0,
            "max": 159254.0,
            "count": 2400
        },
        "AIWithMoney.YPlacement.mean": {
            "value": 2.5142930066360387,
            "min": 2.244361304115446,
            "max": 2.75844094301623,
            "count": 2400
        },
        "AIWithMoney.YPlacement.sum": {
            "value": 19702.0,
            "min": 2691.0,
            "max": 88112.0,
            "count": 2400
        },
        "AIWithMoney.TargetingMode.mean": {
            "value": 1.280701754385965,
            "min": 0.6617647058823529,
            "max": 1.7894736842105263,
            "count": 2400
        },
        "AIWithMoney.TargetingMode.sum": {
            "value": 73.0,
            "min": 9.0,
            "max": 422.0,
            "count": 2400
        },
        "AIWithMoney.DartMonkeysPlaced.mean": {
            "value": 1.7928790199081164,
            "min": 1.26875,
            "max": 8.567966679288148,
            "count": 2400
        },
        "AIWithMoney.DartMonkeysPlaced.sum": {
            "value": 14049.0,
            "min": 8316.0,
            "max": 135768.0,
            "count": 2400
        },
        "AIWithMoney.SniperMonkeysPlaced.mean": {
            "value": 0.9645227156712608,
            "min": 0.6609976247030879,
            "max": 1.1141899441340781,
            "count": 2400
        },
        "AIWithMoney.SniperMonkeysPlaced.sum": {
            "value": 7558.0,
            "min": 1153.0,
            "max": 23507.0,
            "count": 2400
        },
        "AIWithMoney.PlaceMonkeyCorrectly.mean": {
            "value": 2.757401735579377,
            "min": 2.258514492753623,
            "max": 9.434368294837814,
            "count": 2400
        },
        "AIWithMoney.PlaceMonkeyCorrectly.sum": {
            "value": 21607.0,
            "min": 9610.0,
            "max": 149497.0,
            "count": 2400
        },
        "AIWithMoney.PlaceMonkeyIncorrectly.mean": {
            "value": 0.6944869831546707,
            "min": 0.09161924968656572,
            "max": 88.32187469739517,
            "count": 2400
        },
        "AIWithMoney.PlaceMonkeyIncorrectly.sum": {
            "value": 5442.0,
            "min": 885.0,
            "max": 912100.0,
            "count": 2400
        },
        "AIWithMoney.DoNothingCount.mean": {
            "value": 371.1722817764165,
            "min": 215.5469905850706,
            "max": 988.8297872340426,
            "count": 2400
        },
        "AIWithMoney.DoNothingCount.sum": {
            "value": 2908506.0,
            "min": 1025473.0,
            "max": 15662764.0,
            "count": 2400
        },
        "AIWithMoney.PlaceTowerCount.mean": {
            "value": 4.7951761102603365,
            "min": 3.3933282273849033,
            "max": 110.6283528614312,
            "count": 2400
        },
        "AIWithMoney.PlaceTowerCount.sum": {
            "value": 37575.0,
            "min": 21439.0,
            "max": 1142459.0,
            "count": 2400
        },
        "AIWithMoney.Wave.mean": {
            "value": 4.648800408371618,
            "min": 3.2092689918776873,
            "max": 10.894838772150672,
            "count": 2400
        },
        "AIWithMoney.Wave.sum": {
            "value": 36428.0,
            "min": 11243.0,
            "max": 158168.0,
            "count": 2400
        },
        "AIWithMoney.TotalRounds.mean": {
            "value": 6033.924961715161,
            "min": 5.229781661874804,
            "max": 6033.924961715161,
            "count": 2400
        },
        "AIWithMoney.TotalRounds.sum": {
            "value": 47281836.0,
            "min": 24080.0,
            "max": 110878336.0,
            "count": 2400
        },
        "AIWithMoney.TotalEpisodes.mean": {
            "value": 1083.474221541603,
            "min": 1.7429758888667484,
            "max": 1083.474221541603,
            "count": 2400
        },
        "AIWithMoney.TotalEpisodes.sum": {
            "value": 8490104.0,
            "min": 3894.0,
            "max": 19911216.0,
            "count": 2400
        },
        "AIWithMoney.PlacedTowerCorrectlyRatio.mean": {
            "value": 2.2076553201581834,
            "min": 0.5045479650210912,
            "max": 4.351422552565001,
            "count": 2400
        },
        "AIWithMoney.PlacedTowerCorrectlyRatio.sum": {
            "value": 4569.846512727439,
            "min": 313.82883424311876,
            "max": 34118.46065288782,
            "count": 2400
        },
        "AIWithMoney.Environment.EpisodeLength.mean": {
            "value": 455.77777777777777,
            "min": 163.68852459016392,
            "max": 1033.6538461538462,
            "count": 2400
        },
        "AIWithMoney.Environment.EpisodeLength.sum": {
            "value": 8204.0,
            "min": 888.0,
            "max": 26875.0,
            "count": 2400
        },
        "AIWithMoney.Step.mean": {
            "value": 24009483.0,
            "min": 9586.0,
            "max": 24009483.0,
            "count": 2401
        },
        "AIWithMoney.Step.sum": {
            "value": 24009483.0,
            "min": 9586.0,
            "max": 24009483.0,
            "count": 2401
        },
        "AIWithMoney.Policy.ExtrinsicValueEstimate.mean": {
            "value": 0.6363783478736877,
            "min": -0.47494009137153625,
            "max": 0.6977748274803162,
            "count": 2401
        },
        "AIWithMoney.Policy.ExtrinsicValueEstimate.sum": {
            "value": 13.363945007324219,
            "min": -20.401029586791992,
            "max": 21.198793411254883,
            "count": 2401
        },
        "AIWithMoney.Environment.CumulativeReward.mean": {
            "value": 2.4186316007062008,
            "min": 0.8065833452836766,
            "max": 5.469269423190361,
            "count": 2400
        },
        "AIWithMoney.Environment.CumulativeReward.sum": {
            "value": 45.954000413417816,
            "min": 4.996999979019165,
            "max": 142.2010050029494,
            "count": 2400
        },
        "AIWithMoney.Policy.ExtrinsicReward.mean": {
            "value": 2.4186316007062008,
            "min": 0.8065833452836766,
            "max": 5.469269423190361,
            "count": 2400
        },
        "AIWithMoney.Policy.ExtrinsicReward.sum": {
            "value": 45.954000413417816,
            "min": 4.996999979019165,
            "max": 142.2010050029494,
            "count": 2400
        },
        "AIWithMoney.IsTraining.mean": {
            "value": 1.0,
            "min": 1.0,
            "max": 1.0,
            "count": 2401
        },
        "AIWithMoney.IsTraining.sum": {
            "value": 1.0,
            "min": 1.0,
            "max": 1.0,
            "count": 2401
        },
        "AIWithMoney.Losses.PolicyLoss.mean": {
            "value": 0.010935093628359028,