{
    "name": "root",
    "gauges": {
        "MyBehavior.Policy.Entropy.mean": {
            "value": 4.381602764129639,
            "min": 4.381584167480469,
            "max": 4.381707668304443,
            "count": 6
        },
        "MyBehavior.Policy.Entropy.sum": {
            "value": 4149.3779296875,
            "min": 4149.3779296875,
            "max": 4473.7001953125,
            "count": 6
        },
        "MyBehavior.Step.mean": {
            "value": 5978.0,
            "min": 955.0,
            "max": 5978.0,
            "count": 6
        },
        "MyBehavior.Step.sum": {
            "value": 5978.0,
            "min": 955.0,
            "max": 5978.0,
            "count": 6
        },
        "MyBehavior.Policy.ExtrinsicValueEstimate.mean": {
            "value": -0.2601977586746216,
            "min": -0.39537885785102844,
            "max": -0.21020179986953735,
            "count": 6
        },
        "MyBehavior.Policy.ExtrinsicValueEstimate.sum": {
            "value": -4.683559417724609,
            "min": -7.512198448181152,
            "max": -3.783632516860962,
            "count": 6
        },
        "MyBehavior.Environment.EpisodeLength.mean": {
            "value": 134.28571428571428,
            "min": 112.44444444444444,
            "max": 178.66666666666666,
            "count": 6
        },
        "MyBehavior.Environment.EpisodeLength.sum": {
            "value": 940.0,
            "min": 884.0,
            "max": 1072.0,
            "count": 6
        },
        "MyBehavior.Environment.CumulativeReward.mean": {
            "value": -1.3428572778190886,
            "min": -1.858333480854829,
            "max": -0.9555556385053529,
            "count": 6
        },
        "MyBehavior.Environment.CumulativeReward.sum": {
            "value": -9.40000094473362,
            "min": -11.150000885128975,
            "max": -8.250000596046448,
            "count": 6
        },
        "MyBehavior.Policy.ExtrinsicReward.mean": {
            "value": -1.3428572778190886,
            "min": -1.858333480854829,
            "max": -0.9555556385053529,
            "count": 6
        },
        "MyBehavior.Policy.ExtrinsicReward.sum": {
            "value": -9.40000094473362,
            "min": -11.150000885128975,
            "max": -8.250000596046448,
            "count": 6
        },
        "MyBehavior.IsTraining.mean": {
            "value": 1.0,
            "min": 1.0,
            "max": 1.0,
            "count": 6
        },
        "MyBehavior.IsTraining.sum": {
            "value": 1.0,
            "min": 1.0,
            "max": 1.0,
            "count": 6
        }
    },
    "metadata": {
        "timer_format_version": "0.1.0",
        "start_time_seconds": "1698522952",
        "python_version": "3.8.8 (tags/v3.8.8:024d805, Feb 19 2021, 13:18:16) [MSC v.1928 64 bit (AMD64)]",
        "command_line_arguments": "C:\\Users\\Justin\\Programs\\VsCode\\git\\2023SHRProject\\venv\\Scripts\\mlagents-learn .\\configuration.yaml --run-id=test1 --force",
        "mlagents_version": "0.29.0",
        "mlagents_envs_version": "0.29.0",
        "communication_protocol_version": "1.5.0",
        "pytorch_version": "1.7.1+cu110",
        "numpy_version": "1.21.2",
        "end_time_seconds": "1698523030"
    },
    "total": 78.41502349999999,
    "count": 1,
    "self": 0.003772499999982415,
    "children": {
        "run_training.setup": {
            "total": 0.06770180000000003,
            "count": 1,
            "self": 0.06770180000000003
        },
        "TrainerController.start_learning": {
            "total": 78.34354920000001,
            "count": 1,
            "self": 0.08423139999982254,
            "children": {
                "TrainerController._reset_env": {
                    "total": 7.5398675,
                    "count": 1,
                    "self": 7.5398675
                },
                "TrainerController.advance": {
                    "total": 70.65048740000017,
                    "count": 6683,
                    "self": 0.07705740000035632,
                    "children": {
                        "env_step": {
                            "total": 69.98452539999977,
                            "count": 6683,
                            "self": 41.58784019999983,
                            "children": {
                                "SubprocessEnvManager._take_step": {
                                    "total": 28.34440310000012,
                                    "count": 6683,
                                    "self": 0.23158010000044982,
                                    "children": {
                                        "TorchPolicy.evaluate": {
                                            "total": 28.112822999999672,
                                            "count": 6633,
                                            "self": 5.7921963999993125,
                                            "children": {
                                                "TorchPolicy.sample_actions": {
                                                    "total": 22.32062660000036,
                                                    "count": 6633,
                                                    "self": 22.32062660000036
                                                }
                                            }
                                        }
                                    }
                                },
                                "workers": {
                                    "total": 0.05228209999981637,
                                    "count": 6682,
                                    "self": 0.0,
                                    "children": {
                                        "worker_root": {
                                            "total": 60.628111600000196,
                                            "count": 6682,
                                            "is_parallel": true,
                                            "self": 34.045396600000075,
                                            "children": {
                                                "steps_from_proto": {
                                                    "total": 0.000296800000000097,
                                                    "count": 1,
                                                    "is_parallel": true,
                                                    "self": 0.00016310000000085978,
                                                    "children": {
                                                        "_process_rank_one_or_two_observation": {
                                                            "total": 0.0001336999999992372,
                                                            "count": 2,
                                                            "is_parallel": true,
                                                            "self": 0.0001336999999992372
                                                        }
                                                    }
                                                },
                                                "UnityEnvironment.step": {
                                                    "total": 26.58241820000012,
                                                    "count": 6682,
                                                    "is_parallel": true,
                                                    "self": 0.3183247000002325,
                                                    "children": {
                                                        "UnityEnvironment._generate_step_input": {
                                                            "total": 0.2622936999997645,
                                                            "count": 6682,
                                                            "is_parallel": true,