{
    "name": "root",
    "gauges": {
        "AIWithMoney.Policy.Entropy.mean": {
            "value": 4.395483016967773,
            "min": 3.2457540035247803,
            "max": 4.565149307250977,
            "count": 11
        },
        "AIWithMoney.Policy.Entropy.sum": {
            "value": 55594.0703125,
            "min": 12021.6640625,
            "max": 232822.609375,
            "count": 11
        },
        "AIWithMoney.TowerType.mean": {
            "value": 0.11575282854656223,
            "min": 0.024466423737636647,
            "max": 0.32211538461538464,
            "count": 11
        },
        "AIWithMoney.TowerType.sum": {
            "value": 1463.0,
            "min": 141.0,
            "max": 4694.0,
            "count": 11
        },
        "AIWithMoney.XPlacement.mean": {
            "value": 4.045573225729884,
            "min": 3.7438040180871157,
            "max": 4.840534443866042,
            "count": 11
        },
        "AIWithMoney.XPlacement.sum": {
            "value": 51132.0,
            "min": 11330.0,
            "max": 225496.0,
            "count": 11
        },
        "AIWithMoney.YPlacement.mean": {
            "value": 2.5926101748556056,
            "min": 2.5413153456998314,
            "max": 2.818455366098295,
            "count": 11
        },
        "AIWithMoney.YPlacement.sum": {
            "value": 32768.0,
            "min": 7606.0,
            "max": 129602.0,
            "count": 11
        },
        "AIWithMoney.TargetingMode.mean": {
            "value": 1.1290322580645162,
            "min": 0.8775510204081632,
            "max": 1.2857142857142858,
            "count": 11
        },
        "AIWithMoney.TargetingMode.sum": {
            "value": 70.0,
            "min": 18.0,
            "max": 606.0,
            "count": 11
        },
        "AIWithMoney.DartMonkeysPlaced.mean": {
            "value": 5.381042804019305,
            "min": 4.817982665015716,
            "max": 22.96169460763242,
            "count": 11
        },
        "AIWithMoney.DartMonkeysPlaced.sum": {
            "value": 68011.0,
            "min": 21247.0,
            "max": 671639.0,
            "count": 11
        },
        "AIWithMoney.SniperMonkeysPlaced.mean": {
            "value": 0.9802199541102935,
            "min": 0.9802199541102935,
            "max": 1.0,
            "count": 11
        },
        "AIWithMoney.SniperMonkeysPlaced.sum": {
            "value": 12389.0,
            "min": 2904.0,
            "max": 49992.0,
            "count": 11
        },
        "AIWithMoney.PlaceMonkeyCorrectly.mean": {
            "value": 6.361262758129599,
            "min": 5.813410801028669,
            "max": 23.953383961408033,
            "count": 11
        },
        "AIWithMoney.PlaceMonkeyCorrectly.sum": {
            "value": 80400.0,
            "min": 24151.0,
            "max": 715989.0,
            "count": 11
        },
        "AIWithMoney.PlaceMonkeyIncorrectly.mean": {
            "value": 79.47274309676398,
            "min": 4.473822502843249,
            "max": 86.25824175824175,
            "count": 11
        },
        "AIWithMoney.PlaceMonkeyIncorrectly.sum": {
            "value": 1004456.0,
            "min": 40043.0,
            "max": 1004456.0,
            "count": 11
        },
        "AIWithMoney.DoNothingCount.mean": {
            "value": 811.3983701242187,
            "min": 480.4157025765716,
            "max": 1992.4353337294515,
            "count": 11
        },
        "AIWithMoney.DoNothingCount.sum": {
            "value": 10255264.0,
            "min": 2139790.0,
            "max": 68673849.0,
            "count": 11
        },
        "AIWithMoney.PlaceTowerCount.mean": {
            "value": 90.59387609779255,
            "min": 16.385309227812854,
            "max": 102.74835164835164,
            "count": 11
        },
        "AIWithMoney.PlaceTowerCount.sum": {
            "value": 1145016.0,
            "min": 143230.0,
            "max": 1572116.0,
            "count": 11
        },
        "AIWithMoney.Wave.mean": {
            "value": 9.51079990505578,
            "min": 6.009392525197066,
            "max": 22.157806753594116,
            "count": 11
        },
        "AIWithMoney.Wave.sum": {
            "value": 120207.0,
            "min": 26402.0,
            "max": 680965.0,
            "count": 11
        },
        "AIWithMoney.TotalRounds.mean": {
            "value": 39.1864071524646,
            "min": 6.079512922075375,
            "max": 39.1864071524646,
            "count": 11
        },
        "AIWithMoney.TotalRounds.sum": {
            "value": 495277.0,
            "min": 60157.0,
            "max": 684513.0,
            "count": 11
        },
        "AIWithMoney.TotalEpisodes.mean": {
            "value": 2.8883614209984967,
            "min": 1.0350601984391545,
            "max": 2.8883614209984967,
            "count": 11
        },
        "AIWithMoney.TotalEpisodes.sum": {
            "value": 36506.0,
            "min": 5247.0,
            "max": 52786.0,
            "count": 11
        },
        "AIWithMoney.PlacedTowerCorrectlyRatio.mean": {
            "value": 1.9839459672776025,
            "min": 1.0862047543112219,
            "max": 5.146119674408894,
            "count": 11
        },
        "AIWithMoney.PlacedTowerCorrectlyRatio.sum": {
            "value": 13754.697391135618,
            "min": 2019.7541655637324,
            "max": 183467.5271177441,
            "count": 11
        },
        "AIWithMoney.Environment.EpisodeLength.mean": {
            "value": 485.1111111111111,
            "min": 105.0,
            "max": 2110.0,
            "count": 8
        },
        "AIWithMoney.Environment.EpisodeLength.sum": {
            "value": 4366.0,
            "min": 210.0,
            "max": 50640.0,
            "count": 8
        },
        "AIWithMoney.Step.mean": {
            "value": 19899717.0,
            "min": 19729777.0,
            "max": 19899717.0,
            "count": 18
        },
        "AIWithMoney.Step.sum": {
            "value": 19899717.0,
            "min": 19729777.0,
            "max": 19899717.0,
            "count": 18
        },
        "AIWithMoney.Policy.ExtrinsicValueEstimate.mean": {
            "value": 0.737804114818573,
            "min": 0.737804114818573,
            "max": 2.7320399284362793,
            "count": 18
        },
        "AIWithMoney.Policy.ExtrinsicValueEstimate.sum": {
            "value": 11.067061424255371,
            "min": 1.565312385559082,
            "max": 51.60453796386719,
            "count": 18
        },
        "AIWithMoney.Environment.CumulativeReward.mean": {
            "value": 2.6571111347940235,
            "min": 0.4840000122785568,
            "max": 10.621782930000968,
            "count": 8
        },
        "AIWithMoney.Environment.CumulativeReward.sum": {
            "value": 23.91400021314621,
            "min": 0.9680000245571136,
            "max": 244.30100739002228,
            "count": 8
        },
        "AIWithMoney.Policy.ExtrinsicReward.mean": {
            "value": 2.6571111347940235,
            "min": 0.4840000122785568,
            "max": 10.621782930000968,
            "count": 8
        },
        "AIWithMoney.Policy.ExtrinsicReward.sum": {
            "value": 23.91400021314621,
            "min": 0.9680000245571136,
            "max": 244.30100739002228,
            "count": 8
        },
        "AIWithMoney.IsTraining.mean": {
            "value": 1.0,
            "min": 1.0,
            "max": 1.0,
            "count": 18
        },
        "AIWithMoney.IsTraining.sum": {
            "value": 1.0,
            "min": 1.0,
            "max": 1.0,
            "count": 18
        },
        "AIWithMoney.Losses.PolicyLoss.mean": {
            "value": 0.010355868507516183,
            "min": 0.010355868507516183,
            "max": 0.012261645583571913,
            "count": 3
        },