{
    "name": "root",
    "gauges": {
        "AIWithMoney.Policy.Entropy.mean": {
            "value": 6.672102928161621,
            "min": 6.663967609405518,
            "max": 6.98267126083374,
            "count": 785
        },
        "AIWithMoney.Policy.Entropy.sum": {
            "value": 67034.6171875,
            "min": 55219.51953125,
            "max": 96425.0625,
            "count": 785
        },
        "AIWithMoney.TowerType.mean": {
            "value": 0.9402805611222445,
            "min": 0.8639525368248773,
            "max": 1.1268585589020206,
            "count": 785
        },
        "AIWithMoney.TowerType.sum": {
            "value": 9384.0,
            "min": 7421.0,
            "max": 13827.0,
            "count": 785
        },
        "AIWithMoney.XPlacement.mean": {
            "value": 4.387875751503006,
            "min": 4.266894416568805,
            "max": 4.620693108974359,
            "count": 785
        },
        "AIWithMoney.XPlacement.sum": {
            "value": 43791.0,
            "min": 36418.0,
            "max": 61107.0,
            "count": 785
        },
        "AIWithMoney.YPlacement.mean": {
            "value": 2.5007014028056114,
            "min": 2.3391192223765125,
            "max": 2.66956618713059,
            "count": 785
        },
        "AIWithMoney.YPlacement.sum": {
            "value": 24957.0,
            "min": 19667.0,
            "max": 34565.0,
            "count": 785
        },
        "AIWithMoney.TargetingMode.mean": {
            "value": 1.3257575757575757,
            "min": 0.5447154471544715,
            "max": 1.6076923076923078,
            "count": 785
        },
        "AIWithMoney.TargetingMode.sum": {
            "value": 175.0,
            "min": 67.0,
            "max": 260.0,
            "count": 785
        },
        "AIWithMoney.DartMonkeysPlaced.mean": {
            "value": 1.1784569138276553,
            "min": 0.9404499338332598,
            "max": 1.4558709175738724,
            "count": 785
        },
        "AIWithMoney.DartMonkeysPlaced.sum": {
            "value": 11761.0,
            "min": 7871.0,
            "max": 18937.0,
            "count": 785
        },
        "AIWithMoney.SniperMonkeysPlaced.mean": {
            "value": 0.7750501002004008,
            "min": 0.5169129082426127,
            "max": 0.985688916745012,
            "count": 785
        },
        "AIWithMoney.SniperMonkeysPlaced.sum": {
            "value": 7735.0,
            "min": 5318.0,
            "max": 10592.0,
            "count": 785
        },
        "AIWithMoney.PlaceMonkeyCorrectly.mean": {
            "value": 1.9535070140280562,
            "min": 1.88171459576777,
            "max": 2.0910677916787894,
            "count": 785
        },
        "AIWithMoney.PlaceMonkeyCorrectly.sum": {
            "value": 19496.0,
            "min": 15565.0,
            "max": 28748.0,
            "count": 785
        },
        "AIWithMoney.PlaceMonkeyIncorrectly.mean": {
            "value": 15.252805611222445,
            "min": 12.379960513326752,
            "max": 25.234737905076656,
            "count": 785
        },
        "AIWithMoney.PlaceMonkeyIncorrectly.sum": {
            "value": 152223.0,
            "min": 113362.0,
            "max": 274882.0,
            "count": 785
        },
        "AIWithMoney.DoNothingCount.mean": {
            "value": 47.96062124248497,
            "min": 34.611894227801216,
            "max": 62.98213498014998,
            "count": 785
        },
        "AIWithMoney.DoNothingCount.sum": {
            "value": 478647.0,
            "min": 333389.0,
            "max": 655565.0,
            "count": 785
        },
        "AIWithMoney.PlaceTowerCount.mean": {
            "value": 30.51382765531062,
            "min": 26.559635842880525,
            "max": 46.381437620490225,
            "count": 785
        },
        "AIWithMoney.PlaceTowerCount.sum": {
            "value": 304528.0,
            "min": 231641.0,
            "max": 518236.0,
            "count": 785
        },
        "AIWithMoney.Wave.mean": {
            "value": 1.956813627254509,
            "min": 1.833614613322744,
            "max": 2.2381663113006396,
            "count": 785
        },
        "AIWithMoney.Wave.sum": {
            "value": 19529.0,
            "min": 16500.0,
            "max": 25552.0,
            "count": 785
        },
        "AIWithMoney.TotalRounds.mean": {
            "value": 2998.020140280561,
            "min": 3.0318591795170207,
            "max": 2998.020140280561,
            "count": 785
        },
        "AIWithMoney.TotalRounds.sum": {
            "value": 29920241.0,
            "min": 41682.0,
            "max": 34634215.0,
            "count": 785
        },
        "AIWithMoney.TotalEpisodes.mean": {
            "value": 986.8095190380761,
            "min": 1.4855251672970613,
            "max": 986.8095190380761,
            "count": 785
        },
        "AIWithMoney.TotalEpisodes.sum": {
            "value": 9848359.0,
            "min": 20423.0,
            "max": 11399195.0,
            "count": 785
        },
        "AIWithMoney.PlacedTowerCorrectlyRatio.mean": {
            "value": 0.2993556493356259,
            "min": 0.2110827394826397,
            "max": 0.38156009742368996,
            "count": 785
        },
        "AIWithMoney.PlacedTowerCorrectlyRatio.sum": {
            "value": 2907.342066347599,
            "min": 1893.2917195372283,
            "max": 3829.9671531859785,
            "count": 785
        },
        "AIWithMoney.Environment.EpisodeLength.mean": {
            "value": 147.82089552238807,
            "min": 129.87012987012986,
            "max": 180.72727272727272,
            "count": 785
        },
        "AIWithMoney.Environment.EpisodeLength.sum": {
            "value": 9904.0,
            "min": 9283.0,
            "max": 10522.0,
            "count": 785
        },
        "AIWithMoney.Step.mean": {
            "value": 7849922.0,
            "min": 9808.0,
            "max": 7849922.0,
            "count": 785
        },
        "AIWithMoney.Step.sum": {
            "value": 7849922.0,
            "min": 9808.0,
            "max": 7849922.0,
            "count": 785
        },
        "AIWithMoney.Policy.ExtrinsicValueEstimate.mean": {
            "value": 0.4293551445007324,
            "min": -0.08244850486516953,
            "max": 0.4540890157222748,
            "count": 785
        },
        "AIWithMoney.Policy.ExtrinsicValueEstimate.sum": {
            "value": 28.766794204711914,
            "min": -5.6064982414245605,
            "max": 31.295658111572266,
            "count": 785
        },
        "AIWithMoney.Environment.CumulativeReward.mean": {
            "value": 0.9644627446558938,
            "min": 0.7227895276155323,
            "max": 1.123157948255539,
            "count": 785
        },
        "AIWithMoney.Environment.CumulativeReward.sum": {
            "value": 64.61900389194489,
            "min": 53.564004114829004,
            "max": 67.35200372338295,
            "count": 785
        },
        "AIWithMoney.Policy.ExtrinsicReward.mean": {
            "value": 0.9644627446558938,
            "min": 0.7227895276155323,
            "max": 1.123157948255539,
            "count": 785
        },
        "AIWithMoney.Policy.ExtrinsicReward.sum": {
            "value": 64.61900389194489,
            "min": 53.564004114829004,
            "max": 67.35200372338295,
            "count": 785
        },
        "AIWithMoney.IsTraining.mean": {
            "value": 1.0,
            "min": 1.0,
            "max": 1.0,
            "count": 785
        },
        "AIWithMoney.IsTraining.sum": {
            "value": 1.0,
            "min": 1.0,
            "max": 1.0,
            "count": 785
        },
        "AIWithMoney.Losses.PolicyLoss.mean": {
            "value": 0.013120332308850872,
            "min": 0.009436653204223452,