{
    "name": "root",
    "gauges": {
        "NewReward.Policy.Entropy.mean": {
            "value": 6.663426399230957,
            "min": 6.522742748260498,
            "max": 6.710004806518555,
            "count": 28
        },
        "NewReward.Policy.Entropy.sum": {
            "value": 93574.5,
            "min": 41654.234375,
            "max": 136227.015625,
            "count": 28
        },
        "NewReward.TargetingMode.mean": {
            "value": 1.0899873257287707,
            "min": 1.0899873257287707,
            "max": 1.2850812407680945,
            "count": 28
        },
        "NewReward.TargetingMode.sum": {
            "value": 860.0,
            "min": 557.0,
            "max": 2185.0,
            "count": 28
        },
        "NewReward.DartMonkeysPlaced.mean": {
            "value": 3.9005847953216373,
            "min": 3.181247055128004,
            "max": 4.748309455587393,
            "count": 28
        },
        "NewReward.DartMonkeysPlaced.sum": {
            "value": 54694.0,
            "min": 20255.0,
            "max": 81465.0,
            "count": 28
        },
        "NewReward.SniperMonkeysPlaced.mean": {
            "value": 30.731992583083727,
            "min": 27.532045009784735,
            "max": 30.79218338970312,
            "count": 28
        },
        "NewReward.SniperMonkeysPlaced.sum": {
            "value": 430924.0,
            "min": 184667.0,
            "max": 562755.0,
            "count": 28
        },
        "NewReward.PlaceMonkeyCorrectly.mean": {
            "value": 34.632577378405365,
            "min": 31.13401310997815,
            "max": 34.632577378405365,
            "count": 28
        },
        "NewReward.PlaceMonkeyCorrectly.sum": {
            "value": 485618.0,
            "min": 204922.0,
            "max": 644220.0,
            "count": 28
        },
        "NewReward.PlaceMonkeyIncorrectly.mean": {
            "value": 138.47047496790756,
            "min": 91.5924168297456,
            "max": 138.47047496790756,
            "count": 28
        },
        "NewReward.PlaceMonkeyIncorrectly.sum": {
            "value": 1941633.0,
            "min": 724058.0,
            "max": 1941633.0,
            "count": 28
        },
        "NewReward.DoNothingCount.mean": {
            "value": 121.9961489088575,
            "min": 107.85487670802576,
            "max": 224.1184177689044,
            "count": 28
        },
        "NewReward.DoNothingCount.sum": {
            "value": 1710630.0,
            "min": 686712.0,
            "max": 2539922.0,
            "count": 28
        },
        "NewReward.PlaceTowerCount.mean": {
            "value": 176.46983311938382,
            "min": 126.46232876712328,
            "max": 176.46983311938382,
            "count": 28
        },
        "NewReward.PlaceTowerCount.sum": {
            "value": 2474460.0,
            "min": 946606.0,
            "max": 2584890.0,
            "count": 28
        },
        "NewReward.Wave.mean": {
            "value": 5.354300385109115,
            "min": 4.638747553816047,
            "max": 6.332168704766659,
            "count": 28
        },
        "NewReward.Wave.sum": {
            "value": 75078.0,
            "min": 30101.0,
            "max": 94816.0,
            "count": 28
        },
        "NewReward.PlacedTowerCorrectlyRatio.mean": {
            "value": 0.41749015995986605,
            "min": 0.41749015995986605,
            "max": 0.6508990648558469,
            "count": 28
        },
        "NewReward.PlacedTowerCorrectlyRatio.sum": {
            "value": 5812.715497121215,
            "min": 3483.1932592466474,
            "max": 12988.876076206565,
            "count": 28
        },
        "NewReward.Environment.EpisodeLength.mean": {
            "value": 486.57142857142856,
            "min": 444.8,
            "max": 704.8,
            "count": 28
        },
        "NewReward.Environment.EpisodeLength.sum": {
            "value": 10218.0,
            "min": 8896.0,
            "max": 10572.0,
            "count": 28
        },
        "NewReward.Step.mean": {
            "value": 2279596.0,
            "min": 2009496.0,
            "max": 2279596.0,
            "count": 28
        },
        "NewReward.Step.sum": {
            "value": 2279596.0,
            "min": 2009496.0,
            "max": 2279596.0,
            "count": 28
        },
        "NewReward.Policy.ExtrinsicValueEstimate.mean": {
            "value": 0.9621203541755676,
            "min": 0.7461047768592834,
            "max": 1.0155609846115112,
            "count": 28
        },
        "NewReward.Policy.ExtrinsicValueEstimate.sum": {
            "value": 19.242406845092773,
            "min": 11.191571235656738,
            "max": 20.357404708862305,
            "count": 28
        },
        "NewReward.Environment.CumulativeReward.mean": {
            "value": 3.2944002747535706,
            "min": 2.9516318220841256,
            "max": 4.31120023727417,
            "count": 28
        },
        "NewReward.Environment.CumulativeReward.sum": {
            "value": 65.88800549507141,
            "min": 56.08100461959839,
            "max": 68.09200406074524,
            "count": 28
        },
        "NewReward.Policy.ExtrinsicReward.mean": {
            "value": 3.2944002747535706,
            "min": 2.9516318220841256,
            "max": 4.31120023727417,
            "count": 28
        },
        "NewReward.Policy.ExtrinsicReward.sum": {
            "value": 65.88800549507141,
            "min": 56.08100461959839,
            "max": 68.09200406074524,
            "count": 28
        },
        "NewReward.IsTraining.mean": {
            "value": 1.0,
            "min": 1.0,
            "max": 1.0,
            "count": 28
        },
        "NewReward.IsTraining.sum": {
            "value": 1.0,
            "min": 1.0,
            "max": 1.0,
            "count": 28
        },
        "NewReward.Losses.PolicyLoss.mean": {
            "value": 0.012856245403721307,
            "min": 0.010067758097905728,
            "max": 0.014291726716813476,
            "count": 6
        },
        "NewReward.Losses.PolicyLoss.sum": {
            "value": 0.012856245403721307,
            "min": 0.010067758097905728,
            "max": 0.014291726716813476,
            "count": 6
        },
        "NewReward.Losses.ValueLoss.mean": {
            "value": 0.01043018555889527,
            "min": 0.009073142521083355,
            "max": 0.01043018555889527,
            "count": 6
        },
        "NewReward.Losses.ValueLoss.sum": {
            "value": 0.01043018555889527,
            "min": 0.009073142521083355,
            "max": 0.01043018555889527,
            "count": 6
        },
        "NewReward.Policy.LearningRate.mean": {
            "value": 5.0000000000000016e-05,
            "min": 5.0000000000000016e-05,
            "max": 5.0000000000000016e-05,
            "count": 6
        },
        "NewReward.Policy.LearningRate.sum": {
            "value": 5.0000000000000016e-05,
            "min": 5.0000000000000016e-05,
            "max": 5.0000000000000016e-05,
            "count": 6
        },
        "NewReward.Policy.Epsilon.mean": {
            "value": 0.23317892500000006,
            "min": 0.23317892500000006,
            "max": 0.23468852499999995,
            "count": 6
        },
        "NewReward.Policy.Epsilon.sum": {
            "value": 0.23317892500000006,
            "min": 0.23317892500000006,
            "max": 0.23468852499999995,
            "count": 6
        },
        "NewReward.Policy.Beta.mean": {
            "value": 0.002664699905000001,
            "min": 0.002664699905000001,
            "max": 0.002694791265,
            "count": 6
        },
        "NewReward.Policy.Beta.sum": {
            "value": 0.002664699905000001,
            "min": 0.002664699905000001,
            "max": 0.002694791265,
            "count": 6
        }
    },